
-- ${flyway:timestamp}
TRUNCATE TABLE applications CASCADE;
TRUNCATE TABLE assessments CASCADE;


DO $$
DECLARE
   applicationData json := '{"basic-information":{"sentence-type":{"sentenceType":"bailPlacement"},"situation":{"situation":"bailSentence"},"release-date":{"releaseDate-year":"2022","releaseDate-month":"11","releaseDate-day":"14","releaseDate":"2022-11-14","knowReleaseDate":"yes"},"placement-date":{"startDateSameAsReleaseDate":"yes"},"placement-purpose":{"placementPurposes":["drugAlcoholMonitoring","otherReason"],"otherReason":"Reason"}},"type-of-ap":{"ap-type":{"type":"standard"}},"oasys-import":{"optional-oasys-sections":{"needsLinkedToReoffending":[{"section":1,"name":"accommodation","linkedToHarm":false,"linkedToReOffending":true},{"section":2,"name":"relationships","linkedToHarm":false,"linkedToReOffending":true}],"otherNeeds":[{"section":3,"name":"emotional","linkedToHarm":false,"linkedToReOffending":false},{"section":4,"name":"thinking","linkedToHarm":false,"linkedToReOffending":false}]},"rosh-summary":{"roshAnswers":["Some answer for the first RoSH question. With an extra comment 1","Some answer for the second RoSH question. With an extra comment 2","Some answer for the third RoSH question. With an extra comment 3"],"roshSummaries":[{"questionNumber":"1","label":"The first RoSH question","answer":"Some answer for the first RoSH question"},{"questionNumber":"2","label":"The second RoSH question","answer":"Some answer for the second RoSH question"},{"questionNumber":"3","label":"The third RoSH question","answer":"Some answer for the third RoSH question"}]},"offence-details":{"offenceDetailsAnswers":["Some answer for the first offence details question. With an extra comment 1","Some answer for the second offence details question. With an extra comment 2","Some answer for the third offence details question. With an extra comment 3"],"offenceDetailsSummaries":[{"questionNumber":"1","label":"The first offence details question","answer":"Some answer for the first offence details question"},{"questionNumber":"2","label":"The second offence details question","answer":"Some answer for the second offence details question"},{"questionNumber":"3","label":"The third offence details question","answer":"Some answer for the third offence details question"}]},"supporting-information":{"supportingInformationAnswers":["Some answer for the first supporting information question. With an extra comment 1","Some answer for the second supporting information question. With an extra comment 2","Some answer for the third supporting information question. With an extra comment 3"],"supportingInformationSummaries":[{"questionNumber":"1","label":"The first supporting information question","answer":"Some answer for the first supporting information question"},{"questionNumber":"2","label":"The second supporting information question","answer":"Some answer for the second supporting information question"},{"questionNumber":"3","label":"The third supporting information question","answer":"Some answer for the third supporting information question"}]},"risk-management-plan":{"riskManagementAnswers":["Some answer for the first risk management question. With an extra comment 1","Some answer for the second risk management question. With an extra comment 2","Some answer for the third risk management question. With an extra comment 3"],"riskManagementSummaries":[{"questionNumber":"1","label":"The first risk management question","answer":"Some answer for the first risk management question"},{"questionNumber":"2","label":"The second risk management question","answer":"Some answer for the second risk management question"},{"questionNumber":"3","label":"The third risk management question","answer":"Some answer for the third risk management question"}]},"risk-to-self":{"riskToSelfAnswers":["Some answer for the first risk to self question. With an extra comment 1","Some answer for the second risk to self question. With an extra comment 2","Some answer for the third risk to self question. With an extra comment 3"],"riskToSelfSummaries":[{"questionNumber":"1","label":"The first risk to self question","answer":"Some answer for the first risk to self question"},{"questionNumber":"2","label":"The second risk to self question","answer":"Some answer for the second risk to self question"},{"questionNumber":"3","label":"The third risk to self question","answer":"Some answer for the third risk to self question"}]}},"risk-management-features":{"risk-management-features":{"manageRiskDetails":"est vero nesciunt","additionalFeaturesDetails":"deleniti enim necessitatibus"},"convicted-offences":{"response":"yes"},"type-of-convicted-offence":{"offenceConvictions":["arson","sexualOffence","hateCrimes","childNonSexualOffence"]},"date-of-offence":{"arsonOffence":["current"],"hateCrime":["previous"],"inPersonSexualOffence":["current","previous"]},"rehabilitative-interventions":{"rehabilitativeInterventions":["accommodation","drugsAndAlcohol","childrenAndFamilies","health","educationTrainingAndEmployment","financeBenefitsAndDebt","attitudesAndBehaviour","abuse","other"],"otherIntervention":"Another"}},"prison-information":{"case-notes":{"caseNoteIds":["a30173ca-061f-42c9-a1a2-28c70b282d3f","4a477187-b77f-4fcc-a919-43a6633ee868"],"selectedCaseNotes":[{"authorName":"Denise Collins","id":"a30173ca-061f-42c9-a1a2-28c70b282d3f","createdAt":"2022-11-10","occurredAt":"2022-10-19","sensitive":false,"subType":"Ressettlement","type":"Social Care","note":"Note 1"},{"authorName":"Leticia Mann","id":"4a477187-b77f-4fcc-a919-43a6633ee868","createdAt":"2022-07-24","occurredAt":"2022-09-22","sensitive":true,"subType":"Quality Work","type":"General","note":"Note 2"}],"moreDetail":"some details","adjudications":[{"id":69927,"reportedAt":"2022-10-09","establishment":"Hawthorne","offenceDescription":"Nam vel nisi fugiat veniam possimus omnis.","hearingHeld":false,"finding":"NOT_PROVED"},{"id":39963,"reportedAt":"2022-07-10","establishment":"Oklahoma City","offenceDescription":"Illum maxime enim explicabo soluta sequi voluptas.","hearingHeld":true,"finding":"PROVED"},{"id":77431,"reportedAt":"2022-05-30","establishment":"Jurupa Valley","offenceDescription":"Quis porro nemo voluptates doloribus atque quis provident iure.","hearingHeld":false,"finding":"PROVED"}]}},"location-factors":{"describe-location-factors":{"postcodeArea":"SW1","positiveFactors":"Some positive factors","restrictions":"yes","restrictionDetail":"Restrictions go here","alternativeRadiusAccepted":"yes","alternativeRadius":"70","differentPDU":"no"}},"access-and-healthcare":{"access-needs":{"additionalNeeds":["mobility","learningDisability","neurodivergentConditions"],"religiousOrCulturalNeeds":"yes","religiousOrCulturalNeedsDetails":"sunt at minus","needsInterpreter":"yes","interpreterLanguage":"beatae eligendi explicabo","careActAssessmentCompleted":"yes"},"access-needs-mobility":{"needsWheelchair":"yes","mobilityNeeds":"laboriosam","visualImpairment":"exercitationem"},"covid":{"fullyVaccinated":"yes","highRisk":"yes","additionalCovidInfo":"additional info"}},"further-considerations":{"room-sharing":{"riskToStaff":"no","riskToStaffDetail":"","riskToOthers":"no","riskToOthersDetail":"","sharingConcerns":"yes","sharingConcernsDetail":"Some details here","traumaConcerns":"no","traumaConcernsDetail":"","sharingBenefits":"no","sharingBenefitsDetail":""},"vulnerability":{"exploitable":"no","exploitableDetail":"","exploitOthers":"yes","exploitOthersDetail":"Some details here"},"previous-placements":{"previousPlacement":"yes","previousPlacementDetail":"Some details here"},"complex-case-board":{"complexCaseBoard":"yes","complexCaseBoardDetail":"Some details here"},"catering":{"catering":"yes","cateringDetail":"Some details here"},"arson":{"arson":"yes","arsonDetail":"Some details here"}},"move-on":{"placement-duration":{"duration":"10","durationDetail":"Some more information"},"relocation-region":{"postcodeArea":"XX1"},"plans-in-place":{"arePlansInPlace":"yes"},"type-of-accommodation":{"accommodationType":"foreignNational","otherAccommodationType":""},"foreign-national":{"response":"yes","date-year":"2015","date-month":"1","date-day":"1","date":"2015-01-01"}},"attach-required-documents":{"attach-documents":{"selectedDocuments":[{"id":"aeb43e06-a4a1-460f-9acf-e2495de84604","level":"Offender","fileName":"Random offender document1.pdf","createdAt":"2019-09-10T00:00:00Z","typeCode":"OFFENDER_DOCUMENT","typeDescription":"Offender related","description":"Some Description 1"},{"id":"5f8a2288-0a17-4e45-afd5-5e57794a7b53","level":"Conviction","fileName":"national.asm","createdAt":"2022-09-13","typeCode":"serenade","typeDescription":"porter","description":"Some Description 2"}]}},"check-your-answers":{"review":{"reviewed":"1"}}}';
   applicationDocument json := '{"basic-information":[{"Which of the following best describes the sentence type?":"Standard determinate custody"},{"What type of release will the application support?":"Release on Temporary License (ROTL)"},{"Do you know Justyn Flatley’s release date?":"Yes","Release Date":"Saturday 1 April 2023"},{"Is Saturday 1 April 2023 the date you want the placement to start?":"Yes"},{"What is the purpose of the AP placement?":"Prevent contact, Help individual readjust to life outside custody"}],"type-of-ap":[{"Which type of AP does Justyn Flatley require?":"Standard"}],"oasys-import":[{"Needs linked to reoffending":"9. Alcohol","Needs not linked to risk of serious harm or reoffending":"5. Finance, 11. Thinking and behavioural"},{"R10.1":"[R10.1] IN CUSTODY\r\n \r\n KNOWN ADULTS:\r\n Such as Ms Elaine Underhill and any of the victims of the index offence if they are placed close to Mr Smith cell.\r\n \r\n CHILDREN:\r\n Simon Smith, Roger Smith, Lindy Smith","R10.2":"[R10.2] IN CUSTODY:\r\n \r\n KNOWN ADULTS:\r\n Intimidation, threats of violence, use of weapons or boiling water, physical education and violent assault, long term psychological impact as a result of Mr Smith violent behaviour. This harm may be cause in the course of physical altercation due to seeking revenge or holding grudges...","R10.3":"[R10.3] STATIC RISK FACTORS:\r\n \r\n Mr Smith gender - At the time of the offence, Mr Smith was 35 years old and considered to be in the higher risk group.\r\n \r\n STABLE DYNAMIC RISK FACTORS:\r\n Thinking and behaviour - limited ability to manage mood or emotions poor impulse control. Mr Smith demonstrated cognitive deficit in committing the index offences and this still remains a concern...","R10.4":"[R10.4] CIRCUMSTANCES:\r\n A lack of stable accommodation\r\n unemployment\r\n non constructive use of time\r\n breakdown of family support\r\n being unable to access benefits\r\n \r\n UNDERLYING FACTORS:\r\n pro criminal attitudes supporting commission of crime...","R10.5":"[R10.5] Engage with Mental Health Services in prison and in the community.\r\n Maintain emotional stability.\r\n Abstain from alcohol.\r\n Abstain from illegal drugs.\r\n Regular testing for alcohol and drug use, in prison and on Licence.\r\n Maintain stable accommodation..."},{"2.1":"","2.4.1":"","2.4.2":"","2.12":"","2.5":"","2.8.3":"","2.98":""},{"3.9":"[3.9] Mr Smith told me that he was renting a room in a shared house, prior to his current remand...","4.9":"[4.9] He said that he has since learnt to read and write during periods of custody and an initial assessment of his...","5.9":"[5.9] Mr Smith was in receipt of Job Seekers Allowance prior to his current remand in custody...","9.9":"[9.9] Mr Smith told me that he rarely consumes alcohol and has not had any problems associated with excessive drinking in years...","11.9":"[11.9] The circumstances of the current offence suggest that Mr Smith acted ..."},{"RM28":"[RM28] Mr Smith is currently on remand awaiting sentence","RM35":"[RM35] Placeholder content for additional comments","RM34":"[RM34] Discuss any concerns with line manager/SPO Increase frequency of reporting Bring forward MAPPA/Consider Level 2 MAPPA professionals meetings  considered if MAPPA not applicable. Consider referral to Approved Premises Consider motivational interviewing/engagement officer.  Joint interview with police OM or other relevant agencies? To raise concerns Referral to substance misues worker for additional support. Warning letters to be employed Recall/Breach if risk not manageable.","RM33":"[RM33] Undertake sentence planning with OS within 8 or 16 weeks of sentence carats - continue to work with Mr Smith and refer for relevant programmes during any prison sentence imposed. DIP supervise DRR is imposed or provide support post release if conditions/requirements to manage the specific risks.","RM32":"[RM32] Requires referral to community drug DIP upon  release. To link in with employment/training resources such as College and ETEO. Completion of victim empathy module via 1-1 supervision to build upon awareness of impact of offending.   Level setting to be undertaken by Senior Probation Officer and OMU. Multi Agency Public Protection Panel to be convened if level 2 either at start of supervision or 6 months prior to release","RM31":"[RM31] State they will have secure accommodation for Mr Smith  and partner on release, although she too is subject to a DRR at present. Supportive wider family.  Has completed previously Short Duration programme and attended one of the support sessions .  Engaged with CARATS in custody.  Complied with voluntary drug tests in custody. Some motivation to desist from alcohol/drug use in the future, this needs to be encouraged with use of community resources. Completed drug and heroin awareness programmes in custody.","RM30":"[RM30] Probation Officer, Education training and employment Officer, Prison Offender Supervisor","RM28.1":"[RM28.1] Currently on remand at HMP Wandsworth - Management of case under MAPPA - level not yet set."},{"R8.1.1":"Review 06.10.21:\r\n \r\n         There have been numerous ACCTs opened since 2013 and every subsequent year he has been in custody.  In 2021...","R8.2.1":"Has told prison staff that he swallowed batteries on one occasion due to wanting..","R8.3.1":"Review 06.10.21:\r\n \r\n         A previous assessor opined that Mr Smith was displaying all the characteristics of someone..."}],"risk-management-features":[{"Describe why an AP placement is needed to manage the risk of Justyn Flatley":"Some words","Provide details of any additional measures that will be necessary for the management of risk":"Some words"},{"Has Justyn Flatley ever been convicted of any arson offences, sexual offences, hate crimes or non-sexual offences against children?":"No"},{"Which rehabilitative interventions will support the person''s Approved Premises (AP) placement?":"Drugs and alcohol, Children and families"}],"prison-information":[{"Selected prison case notes that support this application":["Array"],"Adjudications":["Array"]}],"location-factors":[{"What is the preferred location for the AP placement?":"WS1","Give details of any positive factors for the person in this location.":"Some words","Are there any restrictions linked to placement location?":"No","If an AP Placement is not available in the persons preferred area, would a placement further away be considered?":"No","Is the person moving to a different area where they''ll be managed by a different probation delivery unit (PDU)?":"No"},{"Have you agreed Justyn Flatley''s transfer/supervision with the receiving PDU?":"No, I still need to make arrangements"}],"access-and-healthcare":[{"Does Justyn Flatley have any of the following needs?":"Learning disability, hearing impairment","Does Justyn Flatley have any religious or cultural needs?":"No","Details of religious or cultural needs":"","Does Justyn Flatley need an interpreter?":"No","Has a care act assessment been completed?":"No"},{"Has Justyn Flatley been fully vaccinated for COVID-19?":"No","Is Justyn Flatley at a higher risk from COVID-19?":"No"}],"further-considerations":[{"Is there any evidence that the person may pose a risk to AP staff?":"No","Is there any evidence that the person may pose a risk to other AP residents?":"No","Do you have any concerns about the person sharing a bedroom?":"No","Is there any evidence of previous trauma or significant event in the persons history which would indicate that room share may not be suitable?":"No","Is there potential for the person to benefit from a room share?":"No"},{"Are you aware that Justyn Flatley is vulnerable to exploitation from others?":"No","Is there any evidence or expectation that Justyn Flatley may groom, radicalise or exploit others?":"No"},{"Has Justyn Flatley stayed or been offered a placement in an AP before?":"No"},{"Does Justyn Flatley''s gender identity require a complex case board to review their application?":"No"},{"Do you have any concerns about Justyn Flatley catering for themselves?":"No"},{"Does Justyn Flatley need a specialist arson room?":"No"}],"move-on":[{"What duration of placement do you recommend?":"11 weeks","Provide any additional information":"Some words"},{"Where is Justyn Flatley most likely to live when they move on from the AP?":"WS13"},{"Are move on arrangements already in place for when the person leaves the AP?":"No"},{"What type of accommodation will Justyn Flatley have when they leave the AP?":"Supported housing"}],"attach-required-documents":[{"PRE-CONS.pdf":"Previous convictions as of 01/09/2019","Personal circumstances.pdf.pdf":"Personal circumstance of AP - Medication in Posession  - Assessment started on 11/09/2019","NSIOffender.pdf":"Non Statutory Intervention for OPD Community Pathway on 16/10/2019","paroleParom1Report_04092019_122116_OMIC_A_X320741.pdf":"Parole Assessment Report at Berwyn (HMP) requested on 05/09/2019"}],"check-your-answers":[{}]}';
BEGIN


  insert into applications (
    "id",
    "created_at",
    "created_by_user_id",
    "crn",
    "data",
    "document",
    "schema_version",
    "service",
    "submitted_at",
    "noms_number"
  )
  values
    (
      'c5fb07fe-b40b-4c58-b567-ff5beda19aa0',
      CURRENT_DATE + 8,
      '68715a03-06af-49ee-bae5-039c824ab9af',
      '315VWWC',
      applicationData,
      applicationDocument,
      (
        SELECT
          id
        FROM
          json_schemas
        WHERE
          type = 'APPROVED_PREMISES_APPLICATION'
        LIMIT 1
      ),
      'approved-premises',
      CURRENT_DATE + 1,
      'M59CS58'
    );
  

  insert into approved_premises_applications (
      "conviction_id",
      "event_number",
      "id",
      "is_pipe_application",
      "is_womens_application",
      "offence_id",
      "is_withdrawn",
      "risk_ratings"
    )
  values
    (
      '2500295345',
      '2',
      'c5fb07fe-b40b-4c58-b567-ff5beda19aa0',
      false,
      false,
      'M2500295343',
      false,
      '{"roshRisks":{"status":"Error","value":null},"mappa":{"status":"Retrieved","value":{"level":"CAT M2/LEVEL M2","lastUpdated":[2021,2,1]}},"tier":{"status":"Retrieved","value":{"level":"D2","lastUpdated":[2022,9,5]}},"flags":{"status":"Retrieved","value":["Risk to Known Adult"]}}'
    );
  

  INSERT into
  assessments (
    "id",
    "application_id",
    "allocated_to_user_id",
    "created_at",
    "allocated_at",
    "schema_version"
  )
  VALUES
    (
      '587875e3-c921-4c22-a332-7d580e8aee42',
      'c5fb07fe-b40b-4c58-b567-ff5beda19aa0',
      '531455f4-c76f-4943-b4eb-3c02d8fefa69',
      CURRENT_DATE,
      CURRENT_DATE,
      (
        SELECT
          id
        FROM
          json_schemas
        WHERE
          type = 'APPROVED_PREMISES_ASSESSMENT'
        LIMIT 1
      )
    );
  

  insert into applications (
    "id",
    "created_at",
    "created_by_user_id",
    "crn",
    "data",
    "document",
    "schema_version",
    "service",
    "submitted_at",
    "noms_number"
  )
  values
    (
      '0168327e-0ce2-417d-80ab-5a60081dc9aa',
      CURRENT_DATE + 20,
      'f9ff1c6e-6876-4ba8-8ca9-d7d2c6f673dc',
      '4Y29R9P',
      applicationData,
      applicationDocument,
      (
        SELECT
          id
        FROM
          json_schemas
        WHERE
          type = 'APPROVED_PREMISES_APPLICATION'
        LIMIT 1
      ),
      'approved-premises',
      CURRENT_DATE + 17,
      'XWU5JWQ'
    );
  

  insert into approved_premises_applications (
      "conviction_id",
      "event_number",
      "id",
      "is_pipe_application",
      "is_womens_application",
      "offence_id",
      "is_withdrawn",
      "risk_ratings"
    )
  values
    (
      '2500295345',
      '2',
      '0168327e-0ce2-417d-80ab-5a60081dc9aa',
      false,
      false,
      'M2500295343',
      false,
      '{"roshRisks":{"status":"Error","value":null},"mappa":{"status":"Retrieved","value":{"level":"CAT M2/LEVEL M2","lastUpdated":[2021,2,1]}},"tier":{"status":"Retrieved","value":{"level":"D2","lastUpdated":[2022,9,5]}},"flags":{"status":"Retrieved","value":["Risk to Known Adult"]}}'
    );
  

  INSERT into
  assessments (
    "id",
    "application_id",
    "allocated_to_user_id",
    "created_at",
    "allocated_at",
    "schema_version"
  )
  VALUES
    (
      '1a17d9de-2cca-4177-a82b-ac46d9b5c940',
      '0168327e-0ce2-417d-80ab-5a60081dc9aa',
      '531455f4-c76f-4943-b4eb-3c02d8fefa69',
      CURRENT_DATE,
      CURRENT_DATE,
      (
        SELECT
          id
        FROM
          json_schemas
        WHERE
          type = 'APPROVED_PREMISES_ASSESSMENT'
        LIMIT 1
      )
    );
  

  insert into applications (
    "id",
    "created_at",
    "created_by_user_id",
    "crn",
    "data",
    "document",
    "schema_version",
    "service",
    "submitted_at",
    "noms_number"
  )
  values
    (
      '86a0b2de-5f9b-418e-9011-364e40ebc683',
      CURRENT_DATE + 28,
      'f9ff1c6e-6876-4ba8-8ca9-d7d2c6f673dc',
      '4ZUIHFX',
      applicationData,
      applicationDocument,
      (
        SELECT
          id
        FROM
          json_schemas
        WHERE
          type = 'APPROVED_PREMISES_APPLICATION'
        LIMIT 1
      ),
      'approved-premises',
      CURRENT_DATE + 10,
      '5A5C8WL'
    );
  

  insert into approved_premises_applications (
      "conviction_id",
      "event_number",
      "id",
      "is_pipe_application",
      "is_womens_application",
      "offence_id",
      "is_withdrawn",
      "risk_ratings"
    )
  values
    (
      '2500295345',
      '2',
      '86a0b2de-5f9b-418e-9011-364e40ebc683',
      false,
      false,
      'M2500295343',
      false,
      '{"roshRisks":{"status":"Error","value":null},"mappa":{"status":"Retrieved","value":{"level":"CAT M2/LEVEL M2","lastUpdated":[2021,2,1]}},"tier":{"status":"Retrieved","value":{"level":"D2","lastUpdated":[2022,9,5]}},"flags":{"status":"Retrieved","value":["Risk to Known Adult"]}}'
    );
  

  INSERT into
  assessments (
    "id",
    "application_id",
    "allocated_to_user_id",
    "created_at",
    "allocated_at",
    "schema_version"
  )
  VALUES
    (
      'f420853b-d7f7-46ee-aab0-92607e1d2b08',
      '86a0b2de-5f9b-418e-9011-364e40ebc683',
      'f9ff1c6e-6876-4ba8-8ca9-d7d2c6f673dc',
      CURRENT_DATE,
      CURRENT_DATE,
      (
        SELECT
          id
        FROM
          json_schemas
        WHERE
          type = 'APPROVED_PREMISES_ASSESSMENT'
        LIMIT 1
      )
    );
  

  insert into applications (
    "id",
    "created_at",
    "created_by_user_id",
    "crn",
    "data",
    "document",
    "schema_version",
    "service",
    "submitted_at",
    "noms_number"
  )
  values
    (
      'bf02e5da-82ae-4595-972f-a0c1c3a9f266',
      CURRENT_DATE + 7,
      '68715a03-06af-49ee-bae5-039c824ab9af',
      '52W7TQG',
      applicationData,
      applicationDocument,
      (
        SELECT
          id
        FROM
          json_schemas
        WHERE
          type = 'APPROVED_PREMISES_APPLICATION'
        LIMIT 1
      ),
      'approved-premises',
      CURRENT_DATE + 26,
      '5HBWEG1'
    );
  

  insert into approved_premises_applications (
      "conviction_id",
      "event_number",
      "id",
      "is_pipe_application",
      "is_womens_application",
      "offence_id",
      "is_withdrawn",
      "risk_ratings"
    )
  values
    (
      '2500295345',
      '2',
      'bf02e5da-82ae-4595-972f-a0c1c3a9f266',
      false,
      false,
      'M2500295343',
      false,
      '{"roshRisks":{"status":"Error","value":null},"mappa":{"status":"Retrieved","value":{"level":"CAT M2/LEVEL M2","lastUpdated":[2021,2,1]}},"tier":{"status":"Retrieved","value":{"level":"D2","lastUpdated":[2022,9,5]}},"flags":{"status":"Retrieved","value":["Risk to Known Adult"]}}'
    );
  

  INSERT into
  assessments (
    "id",
    "application_id",
    "allocated_to_user_id",
    "created_at",
    "allocated_at",
    "schema_version"
  )
  VALUES
    (
      '4022a886-a39a-40d6-8f2f-c6f87f705127',
      'bf02e5da-82ae-4595-972f-a0c1c3a9f266',
      'f9ff1c6e-6876-4ba8-8ca9-d7d2c6f673dc',
      CURRENT_DATE,
      CURRENT_DATE,
      (
        SELECT
          id
        FROM
          json_schemas
        WHERE
          type = 'APPROVED_PREMISES_ASSESSMENT'
        LIMIT 1
      )
    );
  

  insert into applications (
    "id",
    "created_at",
    "created_by_user_id",
    "crn",
    "data",
    "document",
    "schema_version",
    "service",
    "submitted_at",
    "noms_number"
  )
  values
    (
      'f7f66473-ca22-41f5-b650-0df2681cba30',
      CURRENT_DATE + 11,
      '7a424213-3a0c-45b0-9a51-4977243c2b21',
      '5EC66UT',
      applicationData,
      applicationDocument,
      (
        SELECT
          id
        FROM
          json_schemas
        WHERE
          type = 'APPROVED_PREMISES_APPLICATION'
        LIMIT 1
      ),
      'approved-premises',
      CURRENT_DATE + 26,
      '530X5EC'
    );
  

  insert into approved_premises_applications (
      "conviction_id",
      "event_number",
      "id",
      "is_pipe_application",
      "is_womens_application",
      "offence_id",
      "is_withdrawn",
      "risk_ratings"
    )
  values
    (
      '2500295345',
      '2',
      'f7f66473-ca22-41f5-b650-0df2681cba30',
      false,
      false,
      'M2500295343',
      false,
      '{"roshRisks":{"status":"Error","value":null},"mappa":{"status":"Retrieved","value":{"level":"CAT M2/LEVEL M2","lastUpdated":[2021,2,1]}},"tier":{"status":"Retrieved","value":{"level":"D2","lastUpdated":[2022,9,5]}},"flags":{"status":"Retrieved","value":["Risk to Known Adult"]}}'
    );
  

  INSERT into
  assessments (
    "id",
    "application_id",
    "allocated_to_user_id",
    "created_at",
    "allocated_at",
    "schema_version"
  )
  VALUES
    (
      '1a841444-fbb4-48ac-a5b7-dd93eb0346ba',
      'f7f66473-ca22-41f5-b650-0df2681cba30',
      '6dcd2559-2d14-4feb-8faf-89ad30dfa765',
      CURRENT_DATE,
      CURRENT_DATE,
      (
        SELECT
          id
        FROM
          json_schemas
        WHERE
          type = 'APPROVED_PREMISES_ASSESSMENT'
        LIMIT 1
      )
    );
  

  insert into applications (
    "id",
    "created_at",
    "created_by_user_id",
    "crn",
    "data",
    "document",
    "schema_version",
    "service",
    "submitted_at",
    "noms_number"
  )
  values
    (
      '03aa2a40-178d-4226-bb0d-b0746cc95fe4',
      CURRENT_DATE + 14,
      '68715a03-06af-49ee-bae5-039c824ab9af',
      '8LO3HSH',
      applicationData,
      applicationDocument,
      (
        SELECT
          id
        FROM
          json_schemas
        WHERE
          type = 'APPROVED_PREMISES_APPLICATION'
        LIMIT 1
      ),
      'approved-premises',
      CURRENT_DATE + 21,
      'JD5CLIA'
    );
  

  insert into approved_premises_applications (
      "conviction_id",
      "event_number",
      "id",
      "is_pipe_application",
      "is_womens_application",
      "offence_id",
      "is_withdrawn",
      "risk_ratings"
    )
  values
    (
      '2500295345',
      '2',
      '03aa2a40-178d-4226-bb0d-b0746cc95fe4',
      false,
      false,
      'M2500295343',
      false,
      '{"roshRisks":{"status":"Error","value":null},"mappa":{"status":"Retrieved","value":{"level":"CAT M2/LEVEL M2","lastUpdated":[2021,2,1]}},"tier":{"status":"Retrieved","value":{"level":"D2","lastUpdated":[2022,9,5]}},"flags":{"status":"Retrieved","value":["Risk to Known Adult"]}}'
    );
  

  INSERT into
  assessments (
    "id",
    "application_id",
    "allocated_to_user_id",
    "created_at",
    "allocated_at",
    "schema_version"
  )
  VALUES
    (
      '15c2c37f-3ab8-4b99-a5a7-cb80dc36e810',
      '03aa2a40-178d-4226-bb0d-b0746cc95fe4',
      '8a39870c-3a1f-4e05-ad45-a450e15b242d',
      CURRENT_DATE,
      CURRENT_DATE,
      (
        SELECT
          id
        FROM
          json_schemas
        WHERE
          type = 'APPROVED_PREMISES_ASSESSMENT'
        LIMIT 1
      )
    );
  

  insert into applications (
    "id",
    "created_at",
    "created_by_user_id",
    "crn",
    "data",
    "document",
    "schema_version",
    "service",
    "submitted_at",
    "noms_number"
  )
  values
    (
      '0cf1fff2-1af2-4687-9279-5bc6e1198a41',
      CURRENT_DATE + 23,
      'f9ff1c6e-6876-4ba8-8ca9-d7d2c6f673dc',
      'BWEFOI7',
      applicationData,
      applicationDocument,
      (
        SELECT
          id
        FROM
          json_schemas
        WHERE
          type = 'APPROVED_PREMISES_APPLICATION'
        LIMIT 1
      ),
      'approved-premises',
      CURRENT_DATE + 24,
      'SX9UI94'
    );
  

  insert into approved_premises_applications (
      "conviction_id",
      "event_number",
      "id",
      "is_pipe_application",
      "is_womens_application",
      "offence_id",
      "is_withdrawn",
      "risk_ratings"
    )
  values
    (
      '2500295345',
      '2',
      '0cf1fff2-1af2-4687-9279-5bc6e1198a41',
      false,
      false,
      'M2500295343',
      false,
      '{"roshRisks":{"status":"Error","value":null},"mappa":{"status":"Retrieved","value":{"level":"CAT M2/LEVEL M2","lastUpdated":[2021,2,1]}},"tier":{"status":"Retrieved","value":{"level":"D2","lastUpdated":[2022,9,5]}},"flags":{"status":"Retrieved","value":["Risk to Known Adult"]}}'
    );
  

  INSERT into
  assessments (
    "id",
    "application_id",
    "allocated_to_user_id",
    "created_at",
    "allocated_at",
    "schema_version"
  )
  VALUES
    (
      '82b4ba8a-ef5d-4aa2-9051-4f4599099c8d',
      '0cf1fff2-1af2-4687-9279-5bc6e1198a41',
      'f9ff1c6e-6876-4ba8-8ca9-d7d2c6f673dc',
      CURRENT_DATE,
      CURRENT_DATE,
      (
        SELECT
          id
        FROM
          json_schemas
        WHERE
          type = 'APPROVED_PREMISES_ASSESSMENT'
        LIMIT 1
      )
    );
  

  insert into applications (
    "id",
    "created_at",
    "created_by_user_id",
    "crn",
    "data",
    "document",
    "schema_version",
    "service",
    "submitted_at",
    "noms_number"
  )
  values
    (
      '3ee2198b-faa6-4327-af65-e94214df9fef',
      CURRENT_DATE + 26,
      'f9ff1c6e-6876-4ba8-8ca9-d7d2c6f673dc',
      'GSR1T2F',
      applicationData,
      applicationDocument,
      (
        SELECT
          id
        FROM
          json_schemas
        WHERE
          type = 'APPROVED_PREMISES_APPLICATION'
        LIMIT 1
      ),
      'approved-premises',
      CURRENT_DATE + 10,
      'KXTJQEF'
    );
  

  insert into approved_premises_applications (
      "conviction_id",
      "event_number",
      "id",
      "is_pipe_application",
      "is_womens_application",
      "offence_id",
      "is_withdrawn",
      "risk_ratings"
    )
  values
    (
      '2500295345',
      '2',
      '3ee2198b-faa6-4327-af65-e94214df9fef',
      false,
      false,
      'M2500295343',
      false,
      '{"roshRisks":{"status":"Error","value":null},"mappa":{"status":"Retrieved","value":{"level":"CAT M2/LEVEL M2","lastUpdated":[2021,2,1]}},"tier":{"status":"Retrieved","value":{"level":"D2","lastUpdated":[2022,9,5]}},"flags":{"status":"Retrieved","value":["Risk to Known Adult"]}}'
    );
  

  INSERT into
  assessments (
    "id",
    "application_id",
    "allocated_to_user_id",
    "created_at",
    "allocated_at",
    "schema_version"
  )
  VALUES
    (
      '33496f03-ed27-4637-95fa-7e359536bbd2',
      '3ee2198b-faa6-4327-af65-e94214df9fef',
      'f9ff1c6e-6876-4ba8-8ca9-d7d2c6f673dc',
      CURRENT_DATE,
      CURRENT_DATE,
      (
        SELECT
          id
        FROM
          json_schemas
        WHERE
          type = 'APPROVED_PREMISES_ASSESSMENT'
        LIMIT 1
      )
    );
  

  insert into applications (
    "id",
    "created_at",
    "created_by_user_id",
    "crn",
    "data",
    "document",
    "schema_version",
    "service",
    "submitted_at",
    "noms_number"
  )
  values
    (
      '97b6b3cf-7eb5-4b4d-8637-07da4dc7f39c',
      CURRENT_DATE + 10,
      '7e8d1738-a07d-4ba4-a8a7-9b7d9c9d27b2',
      'HRV83TE',
      applicationData,
      applicationDocument,
      (
        SELECT
          id
        FROM
          json_schemas
        WHERE
          type = 'APPROVED_PREMISES_APPLICATION'
        LIMIT 1
      ),
      'approved-premises',
      CURRENT_DATE + 5,
      'N1RRJZU'
    );
  

  insert into approved_premises_applications (
      "conviction_id",
      "event_number",
      "id",
      "is_pipe_application",
      "is_womens_application",
      "offence_id",
      "is_withdrawn",
      "risk_ratings"
    )
  values
    (
      '2500295345',
      '2',
      '97b6b3cf-7eb5-4b4d-8637-07da4dc7f39c',
      false,
      false,
      'M2500295343',
      false,
      '{"roshRisks":{"status":"Error","value":null},"mappa":{"status":"Retrieved","value":{"level":"CAT M2/LEVEL M2","lastUpdated":[2021,2,1]}},"tier":{"status":"Retrieved","value":{"level":"D2","lastUpdated":[2022,9,5]}},"flags":{"status":"Retrieved","value":["Risk to Known Adult"]}}'
    );
  

  INSERT into
  assessments (
    "id",
    "application_id",
    "allocated_to_user_id",
    "created_at",
    "allocated_at",
    "schema_version"
  )
  VALUES
    (
      'de4fc959-b08a-4308-98f7-1a302803cbee',
      '97b6b3cf-7eb5-4b4d-8637-07da4dc7f39c',
      '68715a03-06af-49ee-bae5-039c824ab9af',
      CURRENT_DATE,
      CURRENT_DATE,
      (
        SELECT
          id
        FROM
          json_schemas
        WHERE
          type = 'APPROVED_PREMISES_ASSESSMENT'
        LIMIT 1
      )
    );
  

  insert into applications (
    "id",
    "created_at",
    "created_by_user_id",
    "crn",
    "data",
    "document",
    "schema_version",
    "service",
    "submitted_at",
    "noms_number"
  )
  values
    (
      'c638c684-e1b6-42f6-95a9-535b9e83d446',
      CURRENT_DATE + 28,
      '531455f4-c76f-4943-b4eb-3c02d8fefa69',
      'HTVI42B',
      applicationData,
      applicationDocument,
      (
        SELECT
          id
        FROM
          json_schemas
        WHERE
          type = 'APPROVED_PREMISES_APPLICATION'
        LIMIT 1
      ),
      'approved-premises',
      CURRENT_DATE + 16,
      '6X1DNW1'
    );
  

  insert into approved_premises_applications (
      "conviction_id",
      "event_number",
      "id",
      "is_pipe_application",
      "is_womens_application",
      "offence_id",
      "is_withdrawn",
      "risk_ratings"
    )
  values
    (
      '2500295345',
      '2',
      'c638c684-e1b6-42f6-95a9-535b9e83d446',
      false,
      false,
      'M2500295343',
      false,
      '{"roshRisks":{"status":"Error","value":null},"mappa":{"status":"Retrieved","value":{"level":"CAT M2/LEVEL M2","lastUpdated":[2021,2,1]}},"tier":{"status":"Retrieved","value":{"level":"D2","lastUpdated":[2022,9,5]}},"flags":{"status":"Retrieved","value":["Risk to Known Adult"]}}'
    );
  

  INSERT into
  assessments (
    "id",
    "application_id",
    "allocated_to_user_id",
    "created_at",
    "allocated_at",
    "schema_version"
  )
  VALUES
    (
      'bb110962-1f41-49a4-bd5d-9a04fdafa027',
      'c638c684-e1b6-42f6-95a9-535b9e83d446',
      '68715a03-06af-49ee-bae5-039c824ab9af',
      CURRENT_DATE,
      CURRENT_DATE,
      (
        SELECT
          id
        FROM
          json_schemas
        WHERE
          type = 'APPROVED_PREMISES_ASSESSMENT'
        LIMIT 1
      )
    );
  

  insert into applications (
    "id",
    "created_at",
    "created_by_user_id",
    "crn",
    "data",
    "document",
    "schema_version",
    "service",
    "submitted_at",
    "noms_number"
  )
  values
    (
      'f28cacc1-3438-4670-afc8-6c00158375af',
      CURRENT_DATE + 29,
      '7e8d1738-a07d-4ba4-a8a7-9b7d9c9d27b2',
      'HUN3BN0',
      applicationData,
      applicationDocument,
      (
        SELECT
          id
        FROM
          json_schemas
        WHERE
          type = 'APPROVED_PREMISES_APPLICATION'
        LIMIT 1
      ),
      'approved-premises',
      CURRENT_DATE + 0,
      'YCSW8BD'
    );
  

  insert into approved_premises_applications (
      "conviction_id",
      "event_number",
      "id",
      "is_pipe_application",
      "is_womens_application",
      "offence_id",
      "is_withdrawn",
      "risk_ratings"
    )
  values
    (
      '2500295345',
      '2',
      'f28cacc1-3438-4670-afc8-6c00158375af',
      false,
      false,
      'M2500295343',
      false,
      '{"roshRisks":{"status":"Error","value":null},"mappa":{"status":"Retrieved","value":{"level":"CAT M2/LEVEL M2","lastUpdated":[2021,2,1]}},"tier":{"status":"Retrieved","value":{"level":"D2","lastUpdated":[2022,9,5]}},"flags":{"status":"Retrieved","value":["Risk to Known Adult"]}}'
    );
  

  INSERT into
  assessments (
    "id",
    "application_id",
    "allocated_to_user_id",
    "created_at",
    "allocated_at",
    "schema_version"
  )
  VALUES
    (
      '68da38ac-2a8c-40c5-8d22-ef51ff44bed2',
      'f28cacc1-3438-4670-afc8-6c00158375af',
      '7a424213-3a0c-45b0-9a51-4977243c2b21',
      CURRENT_DATE,
      CURRENT_DATE,
      (
        SELECT
          id
        FROM
          json_schemas
        WHERE
          type = 'APPROVED_PREMISES_ASSESSMENT'
        LIMIT 1
      )
    );
  

  insert into applications (
    "id",
    "created_at",
    "created_by_user_id",
    "crn",
    "data",
    "document",
    "schema_version",
    "service",
    "submitted_at",
    "noms_number"
  )
  values
    (
      'a5c95ac2-9cfe-4c13-a10d-c1c5e633c5de',
      CURRENT_DATE + 3,
      '7e8d1738-a07d-4ba4-a8a7-9b7d9c9d27b2',
      'IHGHXYM',
      applicationData,
      applicationDocument,
      (
        SELECT
          id
        FROM
          json_schemas
        WHERE
          type = 'APPROVED_PREMISES_APPLICATION'
        LIMIT 1
      ),
      'approved-premises',
      CURRENT_DATE + 29,
      'KWAPTC7'
    );
  

  insert into approved_premises_applications (
      "conviction_id",
      "event_number",
      "id",
      "is_pipe_application",
      "is_womens_application",
      "offence_id",
      "is_withdrawn",
      "risk_ratings"
    )
  values
    (
      '2500295345',
      '2',
      'a5c95ac2-9cfe-4c13-a10d-c1c5e633c5de',
      false,
      false,
      'M2500295343',
      false,
      '{"roshRisks":{"status":"Error","value":null},"mappa":{"status":"Retrieved","value":{"level":"CAT M2/LEVEL M2","lastUpdated":[2021,2,1]}},"tier":{"status":"Retrieved","value":{"level":"D2","lastUpdated":[2022,9,5]}},"flags":{"status":"Retrieved","value":["Risk to Known Adult"]}}'
    );
  

  INSERT into
  assessments (
    "id",
    "application_id",
    "allocated_to_user_id",
    "created_at",
    "allocated_at",
    "schema_version"
  )
  VALUES
    (
      '25f853af-9e75-40fa-8502-11dc2a4860f1',
      'a5c95ac2-9cfe-4c13-a10d-c1c5e633c5de',
      '8a39870c-3a1f-4e05-ad45-a450e15b242d',
      CURRENT_DATE,
      CURRENT_DATE,
      (
        SELECT
          id
        FROM
          json_schemas
        WHERE
          type = 'APPROVED_PREMISES_ASSESSMENT'
        LIMIT 1
      )
    );
  

  insert into applications (
    "id",
    "created_at",
    "created_by_user_id",
    "crn",
    "data",
    "document",
    "schema_version",
    "service",
    "submitted_at",
    "noms_number"
  )
  values
    (
      '5566cca0-b572-42a3-89e8-68b0eab148ab',
      CURRENT_DATE + 26,
      'f9ff1c6e-6876-4ba8-8ca9-d7d2c6f673dc',
      'JCRH9V5',
      applicationData,
      applicationDocument,
      (
        SELECT
          id
        FROM
          json_schemas
        WHERE
          type = 'APPROVED_PREMISES_APPLICATION'
        LIMIT 1
      ),
      'approved-premises',
      CURRENT_DATE + 18,
      'VTDINBA'
    );
  

  insert into approved_premises_applications (
      "conviction_id",
      "event_number",
      "id",
      "is_pipe_application",
      "is_womens_application",
      "offence_id",
      "is_withdrawn",
      "risk_ratings"
    )
  values
    (
      '2500295345',
      '2',
      '5566cca0-b572-42a3-89e8-68b0eab148ab',
      false,
      false,
      'M2500295343',
      false,
      '{"roshRisks":{"status":"Error","value":null},"mappa":{"status":"Retrieved","value":{"level":"CAT M2/LEVEL M2","lastUpdated":[2021,2,1]}},"tier":{"status":"Retrieved","value":{"level":"D2","lastUpdated":[2022,9,5]}},"flags":{"status":"Retrieved","value":["Risk to Known Adult"]}}'
    );
  

  INSERT into
  assessments (
    "id",
    "application_id",
    "allocated_to_user_id",
    "created_at",
    "allocated_at",
    "schema_version"
  )
  VALUES
    (
      'c491e21d-6e4b-4cea-9d93-09d4aacce002',
      '5566cca0-b572-42a3-89e8-68b0eab148ab',
      '68715a03-06af-49ee-bae5-039c824ab9af',
      CURRENT_DATE,
      CURRENT_DATE,
      (
        SELECT
          id
        FROM
          json_schemas
        WHERE
          type = 'APPROVED_PREMISES_ASSESSMENT'
        LIMIT 1
      )
    );
  

  insert into applications (
    "id",
    "created_at",
    "created_by_user_id",
    "crn",
    "data",
    "document",
    "schema_version",
    "service",
    "submitted_at",
    "noms_number"
  )
  values
    (
      'd164a579-c12a-4a33-a98c-82c401c25cff',
      CURRENT_DATE + 23,
      '531455f4-c76f-4943-b4eb-3c02d8fefa69',
      'N6OUTAY',
      applicationData,
      applicationDocument,
      (
        SELECT
          id
        FROM
          json_schemas
        WHERE
          type = 'APPROVED_PREMISES_APPLICATION'
        LIMIT 1
      ),
      'approved-premises',
      CURRENT_DATE + 12,
      'HIR0PIN'
    );
  

  insert into approved_premises_applications (
      "conviction_id",
      "event_number",
      "id",
      "is_pipe_application",
      "is_womens_application",
      "offence_id",
      "is_withdrawn",
      "risk_ratings"
    )
  values
    (
      '2500295345',
      '2',
      'd164a579-c12a-4a33-a98c-82c401c25cff',
      false,
      false,
      'M2500295343',
      false,
      '{"roshRisks":{"status":"Error","value":null},"mappa":{"status":"Retrieved","value":{"level":"CAT M2/LEVEL M2","lastUpdated":[2021,2,1]}},"tier":{"status":"Retrieved","value":{"level":"D2","lastUpdated":[2022,9,5]}},"flags":{"status":"Retrieved","value":["Risk to Known Adult"]}}'
    );
  

  INSERT into
  assessments (
    "id",
    "application_id",
    "allocated_to_user_id",
    "created_at",
    "allocated_at",
    "schema_version"
  )
  VALUES
    (
      'd77fa940-ddf9-4a9f-9cd1-0909898c2044',
      'd164a579-c12a-4a33-a98c-82c401c25cff',
      '531455f4-c76f-4943-b4eb-3c02d8fefa69',
      CURRENT_DATE,
      CURRENT_DATE,
      (
        SELECT
          id
        FROM
          json_schemas
        WHERE
          type = 'APPROVED_PREMISES_ASSESSMENT'
        LIMIT 1
      )
    );
  

  insert into applications (
    "id",
    "created_at",
    "created_by_user_id",
    "crn",
    "data",
    "document",
    "schema_version",
    "service",
    "submitted_at",
    "noms_number"
  )
  values
    (
      '04add014-359e-4bc6-8b0c-75e1488407ec',
      CURRENT_DATE + 3,
      '68715a03-06af-49ee-bae5-039c824ab9af',
      'PI251LM',
      applicationData,
      applicationDocument,
      (
        SELECT
          id
        FROM
          json_schemas
        WHERE
          type = 'APPROVED_PREMISES_APPLICATION'
        LIMIT 1
      ),
      'approved-premises',
      CURRENT_DATE + 10,
      'QGH3OL6'
    );
  

  insert into approved_premises_applications (
      "conviction_id",
      "event_number",
      "id",
      "is_pipe_application",
      "is_womens_application",
      "offence_id",
      "is_withdrawn",
      "risk_ratings"
    )
  values
    (
      '2500295345',
      '2',
      '04add014-359e-4bc6-8b0c-75e1488407ec',
      false,
      false,
      'M2500295343',
      false,
      '{"roshRisks":{"status":"Error","value":null},"mappa":{"status":"Retrieved","value":{"level":"CAT M2/LEVEL M2","lastUpdated":[2021,2,1]}},"tier":{"status":"Retrieved","value":{"level":"D2","lastUpdated":[2022,9,5]}},"flags":{"status":"Retrieved","value":["Risk to Known Adult"]}}'
    );
  

  INSERT into
  assessments (
    "id",
    "application_id",
    "allocated_to_user_id",
    "created_at",
    "allocated_at",
    "schema_version"
  )
  VALUES
    (
      '9fd086e2-d647-4ee4-9d34-6c8f416b6e5c',
      '04add014-359e-4bc6-8b0c-75e1488407ec',
      '6dcd2559-2d14-4feb-8faf-89ad30dfa765',
      CURRENT_DATE,
      CURRENT_DATE,
      (
        SELECT
          id
        FROM
          json_schemas
        WHERE
          type = 'APPROVED_PREMISES_ASSESSMENT'
        LIMIT 1
      )
    );
  

  insert into applications (
    "id",
    "created_at",
    "created_by_user_id",
    "crn",
    "data",
    "document",
    "schema_version",
    "service",
    "submitted_at",
    "noms_number"
  )
  values
    (
      '6d2fea60-caca-440d-814a-8993ca9d9c76',
      CURRENT_DATE + 14,
      'f9ff1c6e-6876-4ba8-8ca9-d7d2c6f673dc',
      'PR5E5Y2',
      applicationData,
      applicationDocument,
      (
        SELECT
          id
        FROM
          json_schemas
        WHERE
          type = 'APPROVED_PREMISES_APPLICATION'
        LIMIT 1
      ),
      'approved-premises',
      CURRENT_DATE + 6,
      'M9XWJ1S'
    );
  

  insert into approved_premises_applications (
      "conviction_id",
      "event_number",
      "id",
      "is_pipe_application",
      "is_womens_application",
      "offence_id",
      "is_withdrawn",
      "risk_ratings"
    )
  values
    (
      '2500295345',
      '2',
      '6d2fea60-caca-440d-814a-8993ca9d9c76',
      false,
      false,
      'M2500295343',
      false,
      '{"roshRisks":{"status":"Error","value":null},"mappa":{"status":"Retrieved","value":{"level":"CAT M2/LEVEL M2","lastUpdated":[2021,2,1]}},"tier":{"status":"Retrieved","value":{"level":"D2","lastUpdated":[2022,9,5]}},"flags":{"status":"Retrieved","value":["Risk to Known Adult"]}}'
    );
  

  INSERT into
  assessments (
    "id",
    "application_id",
    "allocated_to_user_id",
    "created_at",
    "allocated_at",
    "schema_version"
  )
  VALUES
    (
      'c17700dd-badb-41bd-bc6a-f1820a5a75fd',
      '6d2fea60-caca-440d-814a-8993ca9d9c76',
      '68715a03-06af-49ee-bae5-039c824ab9af',
      CURRENT_DATE,
      CURRENT_DATE,
      (
        SELECT
          id
        FROM
          json_schemas
        WHERE
          type = 'APPROVED_PREMISES_ASSESSMENT'
        LIMIT 1
      )
    );
  

  insert into applications (
    "id",
    "created_at",
    "created_by_user_id",
    "crn",
    "data",
    "document",
    "schema_version",
    "service",
    "submitted_at",
    "noms_number"
  )
  values
    (
      '0b8951d2-5aa7-4f8f-9828-e6bb559c5b5d',
      CURRENT_DATE + 19,
      '6dcd2559-2d14-4feb-8faf-89ad30dfa765',
      'QA93YYK',
      applicationData,
      applicationDocument,
      (
        SELECT
          id
        FROM
          json_schemas
        WHERE
          type = 'APPROVED_PREMISES_APPLICATION'
        LIMIT 1
      ),
      'approved-premises',
      CURRENT_DATE + 8,
      'YX2YNT2'
    );
  

  insert into approved_premises_applications (
      "conviction_id",
      "event_number",
      "id",
      "is_pipe_application",
      "is_womens_application",
      "offence_id",
      "is_withdrawn",
      "risk_ratings"
    )
  values
    (
      '2500295345',
      '2',
      '0b8951d2-5aa7-4f8f-9828-e6bb559c5b5d',
      false,
      false,
      'M2500295343',
      false,
      '{"roshRisks":{"status":"Error","value":null},"mappa":{"status":"Retrieved","value":{"level":"CAT M2/LEVEL M2","lastUpdated":[2021,2,1]}},"tier":{"status":"Retrieved","value":{"level":"D2","lastUpdated":[2022,9,5]}},"flags":{"status":"Retrieved","value":["Risk to Known Adult"]}}'
    );
  

  INSERT into
  assessments (
    "id",
    "application_id",
    "allocated_to_user_id",
    "created_at",
    "allocated_at",
    "schema_version"
  )
  VALUES
    (
      '1d6eb916-6c71-419e-b0eb-6804eb2fc364',
      '0b8951d2-5aa7-4f8f-9828-e6bb559c5b5d',
      '6dcd2559-2d14-4feb-8faf-89ad30dfa765',
      CURRENT_DATE,
      CURRENT_DATE,
      (
        SELECT
          id
        FROM
          json_schemas
        WHERE
          type = 'APPROVED_PREMISES_ASSESSMENT'
        LIMIT 1
      )
    );
  

  insert into applications (
    "id",
    "created_at",
    "created_by_user_id",
    "crn",
    "data",
    "document",
    "schema_version",
    "service",
    "submitted_at",
    "noms_number"
  )
  values
    (
      '48ca2d1a-69d4-45fa-b83d-3d748ccdacd2',
      CURRENT_DATE + 28,
      'f9ff1c6e-6876-4ba8-8ca9-d7d2c6f673dc',
      'XCMSG3I',
      applicationData,
      applicationDocument,
      (
        SELECT
          id
        FROM
          json_schemas
        WHERE
          type = 'APPROVED_PREMISES_APPLICATION'
        LIMIT 1
      ),
      'approved-premises',
      CURRENT_DATE + 4,
      'NYVS303'
    );
  

  insert into approved_premises_applications (
      "conviction_id",
      "event_number",
      "id",
      "is_pipe_application",
      "is_womens_application",
      "offence_id",
      "is_withdrawn",
      "risk_ratings"
    )
  values
    (
      '2500295345',
      '2',
      '48ca2d1a-69d4-45fa-b83d-3d748ccdacd2',
      false,
      false,
      'M2500295343',
      false,
      '{"roshRisks":{"status":"Error","value":null},"mappa":{"status":"Retrieved","value":{"level":"CAT M2/LEVEL M2","lastUpdated":[2021,2,1]}},"tier":{"status":"Retrieved","value":{"level":"D2","lastUpdated":[2022,9,5]}},"flags":{"status":"Retrieved","value":["Risk to Known Adult"]}}'
    );
  

  INSERT into
  assessments (
    "id",
    "application_id",
    "allocated_to_user_id",
    "created_at",
    "allocated_at",
    "schema_version"
  )
  VALUES
    (
      'd5eb3bc5-ad08-4824-a67a-3e05e96a9715',
      '48ca2d1a-69d4-45fa-b83d-3d748ccdacd2',
      '7e8d1738-a07d-4ba4-a8a7-9b7d9c9d27b2',
      CURRENT_DATE,
      CURRENT_DATE,
      (
        SELECT
          id
        FROM
          json_schemas
        WHERE
          type = 'APPROVED_PREMISES_ASSESSMENT'
        LIMIT 1
      )
    );
  

  insert into applications (
    "id",
    "created_at",
    "created_by_user_id",
    "crn",
    "data",
    "document",
    "schema_version",
    "service",
    "submitted_at",
    "noms_number"
  )
  values
    (
      'c912e6e3-aa22-4cc3-98ad-259ef1254477',
      CURRENT_DATE + 6,
      '6dcd2559-2d14-4feb-8faf-89ad30dfa765',
      'YRPARSH',
      applicationData,
      applicationDocument,
      (
        SELECT
          id
        FROM
          json_schemas
        WHERE
          type = 'APPROVED_PREMISES_APPLICATION'
        LIMIT 1
      ),
      'approved-premises',
      CURRENT_DATE + 0,
      'HBVE0LJ'
    );
  

  insert into approved_premises_applications (
      "conviction_id",
      "event_number",
      "id",
      "is_pipe_application",
      "is_womens_application",
      "offence_id",
      "is_withdrawn",
      "risk_ratings"
    )
  values
    (
      '2500295345',
      '2',
      'c912e6e3-aa22-4cc3-98ad-259ef1254477',
      false,
      false,
      'M2500295343',
      false,
      '{"roshRisks":{"status":"Error","value":null},"mappa":{"status":"Retrieved","value":{"level":"CAT M2/LEVEL M2","lastUpdated":[2021,2,1]}},"tier":{"status":"Retrieved","value":{"level":"D2","lastUpdated":[2022,9,5]}},"flags":{"status":"Retrieved","value":["Risk to Known Adult"]}}'
    );
  

  INSERT into
  assessments (
    "id",
    "application_id",
    "allocated_to_user_id",
    "created_at",
    "allocated_at",
    "schema_version"
  )
  VALUES
    (
      '14cf7cc7-ae37-4f4a-a1de-94c4a4fe95e2',
      'c912e6e3-aa22-4cc3-98ad-259ef1254477',
      '531455f4-c76f-4943-b4eb-3c02d8fefa69',
      CURRENT_DATE,
      CURRENT_DATE,
      (
        SELECT
          id
        FROM
          json_schemas
        WHERE
          type = 'APPROVED_PREMISES_ASSESSMENT'
        LIMIT 1
      )
    );
  

  insert into applications (
    "id",
    "created_at",
    "created_by_user_id",
    "crn",
    "data",
    "document",
    "schema_version",
    "service",
    "submitted_at",
    "noms_number"
  )
  values
    (
      '831f4ff0-ba18-45dc-87ee-882b17472d31',
      CURRENT_DATE + 10,
      '6dcd2559-2d14-4feb-8faf-89ad30dfa765',
      'Z33A1BU',
      applicationData,
      applicationDocument,
      (
        SELECT
          id
        FROM
          json_schemas
        WHERE
          type = 'APPROVED_PREMISES_APPLICATION'
        LIMIT 1
      ),
      'approved-premises',
      CURRENT_DATE + 13,
      '6DO89QY'
    );
  

  insert into approved_premises_applications (
      "conviction_id",
      "event_number",
      "id",
      "is_pipe_application",
      "is_womens_application",
      "offence_id",
      "is_withdrawn",
      "risk_ratings"
    )
  values
    (
      '2500295345',
      '2',
      '831f4ff0-ba18-45dc-87ee-882b17472d31',
      false,
      false,
      'M2500295343',
      false,
      '{"roshRisks":{"status":"Error","value":null},"mappa":{"status":"Retrieved","value":{"level":"CAT M2/LEVEL M2","lastUpdated":[2021,2,1]}},"tier":{"status":"Retrieved","value":{"level":"D2","lastUpdated":[2022,9,5]}},"flags":{"status":"Retrieved","value":["Risk to Known Adult"]}}'
    );
  

  INSERT into
  assessments (
    "id",
    "application_id",
    "allocated_to_user_id",
    "created_at",
    "allocated_at",
    "schema_version"
  )
  VALUES
    (
      '5a699086-0efd-4c05-870e-8bd26cfff753',
      '831f4ff0-ba18-45dc-87ee-882b17472d31',
      'f9ff1c6e-6876-4ba8-8ca9-d7d2c6f673dc',
      CURRENT_DATE,
      CURRENT_DATE,
      (
        SELECT
          id
        FROM
          json_schemas
        WHERE
          type = 'APPROVED_PREMISES_ASSESSMENT'
        LIMIT 1
      )
    );
  
END $$;
